{
  "id": 1,
  "title": "News",
  "description": "Lorem ipsum dolor sit amet, consectetur adipiscing elit.",
  "icon": "cloud",
  "items": [
    {
      "id": 1,
      "title": "Category",
      "description": "Newsroom Deutsche Mitte",
      "url": "http://www.presseportal.de/rss/pm_127629.rss"
    },
    {
      "id": 2,
      "title": "Innenpolitik",
      "description": "https://deutsche-mitte.de/innenpolitik/feed/",
      "url": "https://deutsche-mitte.de/innenpolitik/feed/"
    },
    {
      "id": 3,
      "title": "BBC News",
      "description": "BBC News is an operational business division[1] of the British Broadcasting Corporation (BBC) responsible for the gathering and broadcasting of news and current affairs.",
      "url": "http://feeds.bbci.co.uk/news/rss.xml"
    },
    {
      "id": 4,
      "title": "Apple Hot News",
      "description": "Apple Inc. is an American multinational corporation.",
      "url": "https://www.apple.com/main/rss/hotnews/hotnews.rss"
    },
    {
      "id": 5,
      "title": "Apple Developer News",
      "description": "Apple Inc. is an American multinational corporation.",
      "url": "https://developer.apple.com/news/rss/news.rss"
    }
  ]
}
