{
  "questions": [
    {
      "flashCardFront": "Demokratie",
      "flashCardBack": "<img src='assets/img/quiz/parteien.png' /><img src='assets/img/quiz/Frage1.png' />",
      "flashCardFlipped": false,
      "questionText": "Mehr direkte Demokratie; Volksentscheide auf Bundesebene?",
      "answers": [
        { "answer": "Ja", "correct": true, "selected": false },
        { "answer": "Nein", "correct": false, "selected": false }
      ]
    },
    {
      "flashCardFront": "Finanzen",
      "flashCardBack": "<img src='assets/img/quiz/parteien.png' /><img src='assets/img/quiz/Frage2.png' />",
      "flashCardFlipped": false,
      "questionText": "Finanzkartell entmachten; Zinsen und Schuldgeld abschaffen?",
      "answers": [
        { "answer": "Ja", "correct": true, "selected": false },
        { "answer": "Nein", "correct": false, "selected": false }
      ]
    },
    {
      "flashCardFront": "Souveränität",
      "flashCardBack": "<img src='assets/img/quiz/parteien.png' /><img src='assets/img/quiz/Frage3.png' />",
      "flashCardFlipped": false,
      "questionText": "Unbeschränkte Souveränität; Friedensvertrag, Neue Verfassung?",
      "answers": [
        { "answer": "Ja", "correct": true, "selected": false },
        { "answer": "Nein", "correct": false, "selected": false }
      ]
    },
    {
      "flashCardFront": "Aussenpolitik",
      "flashCardBack": "<img src='assets/img/quiz/parteien.png' /><img src='assets/img/quiz/Frage4.png' />",
      "flashCardFlipped": false,
      "questionText": "Aggressive Einmischung stoppen; Sanktionen gegen Russland beenden?",
      "answers": [
        { "answer": "Ja", "correct": true, "selected": false },
        { "answer": "Nein", "correct": false, "selected": false }
      ]
    },
    {
      "flashCardFront": "Gesundheit",
      "flashCardBack": "<img src='assets/img/quiz/parteien.png' /><img src='assets/img/quiz/Frage5.png' />",
      "flashCardFlipped": false,
      "questionText": "Pharmakartell entmachten; Förderung alternativer Heilmethoden?",
      "answers": [
        { "answer": "Ja", "correct": true, "selected": false },
        { "answer": "Nein", "correct": false, "selected": false }
      ]
    },
    {
      "flashCardFront": "Arbeit & Soziales",
      "flashCardBack": "<img src='assets/img/quiz/parteien.png' /><img src='assets/img/quiz/Frage6.png' />",
      "flashCardFlipped": false,
      "questionText": "Solidarisches Grundeinkommen bei sozialer und ehrenamtlicher Arbeit?",
      "answers": [
        { "answer": "Ja", "correct": true, "selected": false },
        { "answer": "Nein", "correct": false, "selected": false }
      ]
    },
    {
      "flashCardFront": "Zwangsgebühren",
      "flashCardBack": "<img src='assets/img/quiz/parteien.png' /><img src='assets/img/quiz/Frage7.png' />",
      "flashCardFlipped": false,
      "questionText": "GEZ abschaffen; Keine Zwangsgebühr mehr?",
      "answers": [
        { "answer": "Ja", "correct": true, "selected": false },
        { "answer": "Nein", "correct": false, "selected": false }
      ]
    },
    {
      "flashCardFront": "Wahlversprechen",
      "flashCardBack": "<img src='assets/img/quiz/parteien.png' /><img src='assets/img/quiz/Frage8.png' />",
      "flashCardFlipped": false,
      "questionText": "Parteiprogramm = Wahlprogramm = Regierungsprogramm?",
      "answers": [
        { "answer": "Ja", "correct": true, "selected": false },
        { "answer": "Nein", "correct": false, "selected": false }
      ]
    },
    {
      "flashCardFront": "Energieversorgung",
      "flashCardBack": "<img src='assets/img/quiz/parteien.png' /><img src='assets/img/quiz/Frage9.png' />",
      "flashCardFlipped": false,
      "questionText": "Dezentrale Versorgung mit neuen alternativen Energien?",
      "answers": [
        { "answer": "Ja", "correct": true, "selected": false },
        { "answer": "Nein", "correct": false, "selected": false }
      ]
    },
    {
      "flashCardFront": "Privatisierung",
      "flashCardBack": "<img src='assets/img/quiz/parteien.png' /><img src='assets/img/quiz/Frage10.png' />",
      "flashCardFlipped": false,
      "questionText": "EU-Privatisierungsplan stoppen; Wasser und Saatgut schützen?",
      "answers": [
        { "answer": "Ja", "correct": true, "selected": false },
        { "answer": "Nein", "correct": false, "selected": false }
      ]
    }
  ]
}
